m,Abtin
m,Afshin
m,Ahura
m,Arash
m,Ardeshir
m,Ariyan
m,Arman
m,Armin
m,Arshiya
m,Artin
m,Arvin
m,Arya
m,Ashkan
m,Avesta
m,Babak
m,Bahman
m,Bahram
m,Bardia
m,Bashir
m,Behnam
m,Benyamin
m,Bijan
m,Dariush
m,Ebrahim
m,Ehsan
m,Ervin
m,Farbod
m,Farhad
m,Farrokh
m,Farshad
m,Farshid
m,Farzad
m,Feraydun
m,Hashem
m,Homayun
m,Hooman
m,Houshang
m,Houtan
m,Iman
m,Iraj
m,Jamshid
m,Javad
m,Javid
m,Kamran
m,Kamyar
m,Kasra
m,Kaveh
m,Kazem
m,Keyvan
m,Khashayar
m,Khosrow
m,Kian
m,Kiarash
m,Kourosh
m,Mahan
m,Mahdi
m,Mahyar
m,Manuchehr
m,Mazdak
m,Maziar
m,Mehran
m,Mehrdad
m,Mehrzad
m,Meysam
m,Milad
m,Mobin
m,Parsa
m,Parviz
m,Payam
m,Pedram
m,Peyman
m,Pezhman
m,Piruz
m,Pouria
m,Pouya
m,Pouyan
m,Ramin
m,Saman
m,Sasan
m,Sepehr
m,Shahin
m,Shayan
m,Shervin
m,Sohrab
m,Soroush
m,Tirdad
m,Vahid
f,Anahita
f,Anushe
f,Arina
f,Armita
f,Ashraf
f,Atoosa
f,Baharak
f,Bita
f,Donya
f,Farangis
f,Farideh
f,Farnaz
f,Farzaneh
f,Fereshteh
f,Golnar
f,Golnaz
f,Hoda
f,Homa
f,Kamand
f,Kiana
f,Kimia
f,Laleh
f,Leila
f,Mahshid
f,Mahta
f,Mahtab
f,Mandana
f,Manizheh
f,Maryam
f,Mehregan
f,Mina
f,Mozhgan
f,Nahal
f,Nahid
f,Nazanin
f,Neda
f,Negin
f,Niloufar
f,Niousha
f,Nooshin
f,Parasto
f,Parisa
f,Parmis
f,Parvin
f,Pegah
f,Pooneh
f,Reyhan
f,Ronak
f,Roxana
f,Roya
f,Safie
f,Sara
f,Sepideh
f,Setare
f,Shaghayegh
f,Shirin
f,Simin
f,Soraya
f,Tahmineh
f,Tannaz
f,Tara
f,Taraneh
f,Yasmin
f,Zhila
